<?xml version="1.0" encoding="UTF-8" ?>
<!DOCTYPE mapper PUBLIC "-//mybatis.org//DTD Mapper 3.0//EN" "http://mybatis.org/dtd/mybatis-3-mapper.dtd" >
<mapper namespace="com.lk.mapper.BcRegionMapper" >
  <resultMap id="BaseResultMap" type="com.lk.pojo.BcRegion" >
    <id column="r_id" property="rId" jdbcType="VARCHAR" />
    <result column="province" property="province" jdbcType="VARCHAR" />
    <result column="city" property="city" jdbcType="VARCHAR" />
    <result column="district" property="district" jdbcType="VARCHAR" />
    <result column="postcode" property="postcode" jdbcType="VARCHAR" />
    <result column="shortcode" property="shortcode" jdbcType="VARCHAR" />
    <result column="citycode" property="citycode" jdbcType="VARCHAR" />
  </resultMap>
  <sql id="Example_Where_Clause" >
    <where >
      <foreach collection="oredCriteria" item="criteria" separator="or" >
        <if test="criteria.valid" >
          <trim prefix="(" suffix=")" prefixOverrides="and" >
            <foreach collection="criteria.criteria" item="criterion" >
              <choose >
                <when test="criterion.noValue" >
                  and ${criterion.condition}
                </when>
                <when test="criterion.singleValue" >
                  and ${criterion.condition} #{criterion.value}
                </when>
                <when test="criterion.betweenValue" >
                  and ${criterion.condition} #{criterion.value} and #{criterion.secondValue}
                </when>
                <when test="criterion.listValue" >
                  and ${criterion.condition}
                  <foreach collection="criterion.value" item="listItem" open="(" close=")" separator="," >
                    #{listItem}
                  </foreach>
                </when>
              </choose>
            </foreach>
          </trim>
        </if>
      </foreach>
    </where>
  </sql>
  <sql id="Update_By_Example_Where_Clause" >
    <where >
      <foreach collection="example.oredCriteria" item="criteria" separator="or" >
        <if test="criteria.valid" >
          <trim prefix="(" suffix=")" prefixOverrides="and" >
            <foreach collection="criteria.criteria" item="criterion" >
              <choose >
                <when test="criterion.noValue" >
                  and ${criterion.condition}
                </when>
                <when test="criterion.singleValue" >
                  and ${criterion.condition} #{criterion.value}
                </when>
                <when test="criterion.betweenValue" >
                  and ${criterion.condition} #{criterion.value} and #{criterion.secondValue}
                </when>
                <when test="criterion.listValue" >
                  and ${criterion.condition}
                  <foreach collection="criterion.value" item="listItem" open="(" close=")" separator="," >
                    #{listItem}
                  </foreach>
                </when>
              </choose>
            </foreach>
          </trim>
        </if>
      </foreach>
    </where>
  </sql>
  <sql id="Base_Column_List" >
    r_id, province, city, district, postcode, shortcode, citycode
  </sql>
  <select id="selectByExample" resultMap="BaseResultMap" parameterType="com.lk.pojo.BcRegionExample" >
    select
    <if test="distinct" >
      distinct
    </if>
    <include refid="Base_Column_List" />
    from bc_region
    <if test="_parameter != null" >
      <include refid="Example_Where_Clause" />
    </if>
    <if test="orderByClause != null" >
      order by ${orderByClause}
    </if>
  </select>
  <select id="selectByPrimaryKey" resultMap="BaseResultMap" parameterType="java.lang.String" >
    select 
    <include refid="Base_Column_List" />
    from bc_region
    where r_id = #{rId,jdbcType=VARCHAR}
  </select>
  <delete id="deleteByPrimaryKey" parameterType="java.lang.String" >
    delete from bc_region
    where r_id = #{rId,jdbcType=VARCHAR}
  </delete>
  <delete id="deleteByExample" parameterType="com.lk.pojo.BcRegionExample" >
    delete from bc_region
    <if test="_parameter != null" >
      <include refid="Example_Where_Clause" />
    </if>
  </delete>
  <insert id="insert" parameterType="com.lk.pojo.BcRegion" >
    insert into bc_region (r_id, province, city, 
      district, postcode, shortcode, 
      citycode)
    values (#{rId,jdbcType=VARCHAR}, #{province,jdbcType=VARCHAR}, #{city,jdbcType=VARCHAR}, 
      #{district,jdbcType=VARCHAR}, #{postcode,jdbcType=VARCHAR}, #{shortcode,jdbcType=VARCHAR}, 
      #{citycode,jdbcType=VARCHAR})
  </insert>
  
  <insert id="insertList" parameterType="java.util.List" >
     insert into bc_region (r_id, province, city, 
      district, postcode, shortcode, 
      citycode)
    values
    <foreach collection="list" item="item" index= "index" separator =",">
    (
        #{item.rId,jdbcType=VARCHAR}, #{item.province,jdbcType=VARCHAR}, #{item.city,jdbcType=VARCHAR}, 
      #{item.district,jdbcType=VARCHAR}, #{item.postcode,jdbcType=VARCHAR}, #{item.shortcode,jdbcType=VARCHAR}, 
      #{item.citycode,jdbcType=VARCHAR}
    )
    </foreach>
  </insert>
  <insert id="insertSelective" parameterType="com.lk.pojo.BcRegion" >
    insert into bc_region
    <trim prefix="(" suffix=")" suffixOverrides="," >
      <if test="rId != null" >
        r_id,
      </if>
      <if test="province != null" >
        province,
      </if>
      <if test="city != null" >
        city,
      </if>
      <if test="district != null" >
        district,
      </if>
      <if test="postcode != null" >
        postcode,
      </if>
      <if test="shortcode != null" >
        shortcode,
      </if>
      <if test="citycode != null" >
        citycode,
      </if>
    </trim>
    <trim prefix="values (" suffix=")" suffixOverrides="," >
      <if test="rId != null" >
        #{rId,jdbcType=VARCHAR},
      </if>
      <if test="province != null" >
        #{province,jdbcType=VARCHAR},
      </if>
      <if test="city != null" >
        #{city,jdbcType=VARCHAR},
      </if>
      <if test="district != null" >
        #{district,jdbcType=VARCHAR},
      </if>
      <if test="postcode != null" >
        #{postcode,jdbcType=VARCHAR},
      </if>
      <if test="shortcode != null" >
        #{shortcode,jdbcType=VARCHAR},
      </if>
      <if test="citycode != null" >
        #{citycode,jdbcType=VARCHAR},
      </if>
    </trim>
  </insert>
  <select id="countByExample" parameterType="com.lk.pojo.BcRegionExample" resultType="java.lang.Integer" >
    select count(*) from bc_region
    <if test="_parameter != null" >
      <include refid="Example_Where_Clause" />
    </if>
  </select>
  <update id="updateByExampleSelective" parameterType="map" >
    update bc_region
    <set >
      <if test="record.rId != null" >
        r_id = #{record.rId,jdbcType=VARCHAR},
      </if>
      <if test="record.province != null" >
        province = #{record.province,jdbcType=VARCHAR},
      </if>
      <if test="record.city != null" >
        city = #{record.city,jdbcType=VARCHAR},
      </if>
      <if test="record.district != null" >
        district = #{record.district,jdbcType=VARCHAR},
      </if>
      <if test="record.postcode != null" >
        postcode = #{record.postcode,jdbcType=VARCHAR},
      </if>
      <if test="record.shortcode != null" >
        shortcode = #{record.shortcode,jdbcType=VARCHAR},
      </if>
      <if test="record.citycode != null" >
        citycode = #{record.citycode,jdbcType=VARCHAR},
      </if>
    </set>
    <if test="_parameter != null" >
      <include refid="Update_By_Example_Where_Clause" />
    </if>
  </update>
  <update id="updateByExample" parameterType="map" >
    update bc_region
    set r_id = #{record.rId,jdbcType=VARCHAR},
      province = #{record.province,jdbcType=VARCHAR},
      city = #{record.city,jdbcType=VARCHAR},
      district = #{record.district,jdbcType=VARCHAR},
      postcode = #{record.postcode,jdbcType=VARCHAR},
      shortcode = #{record.shortcode,jdbcType=VARCHAR},
      citycode = #{record.citycode,jdbcType=VARCHAR}
    <if test="_parameter != null" >
      <include refid="Update_By_Example_Where_Clause" />
    </if>
  </update>
  <update id="updateByPrimaryKeySelective" parameterType="com.lk.pojo.BcRegion" >
    update bc_region
    <set >
      <if test="province != null" >
        province = #{province,jdbcType=VARCHAR},
      </if>
      <if test="city != null" >
        city = #{city,jdbcType=VARCHAR},
      </if>
      <if test="district != null" >
        district = #{district,jdbcType=VARCHAR},
      </if>
      <if test="postcode != null" >
        postcode = #{postcode,jdbcType=VARCHAR},
      </if>
      <if test="shortcode != null" >
        shortcode = #{shortcode,jdbcType=VARCHAR},
      </if>
      <if test="citycode != null" >
        citycode = #{citycode,jdbcType=VARCHAR},
      </if>
    </set>
    where r_id = #{rId,jdbcType=VARCHAR}
  </update>
  <update id="updateByPrimaryKey" parameterType="com.lk.pojo.BcRegion" >
    update bc_region
    set province = #{province,jdbcType=VARCHAR},
      city = #{city,jdbcType=VARCHAR},
      district = #{district,jdbcType=VARCHAR},
      postcode = #{postcode,jdbcType=VARCHAR},
      shortcode = #{shortcode,jdbcType=VARCHAR},
      citycode = #{citycode,jdbcType=VARCHAR}
    where r_id = #{rId,jdbcType=VARCHAR}
  </update>
  
</mapper>