<?xml version="1.0" encoding="UTF-8"?>
<beans xmlns="http://www.springframework.org/schema/beans"
	xmlns:xsi="http://www.w3.org/2001/XMLSchema-instance" xmlns:context="http://www.springframework.org/schema/context"
	xmlns:mvc="http://www.springframework.org/schema/mvc" xmlns:p="http://www.springframework.org/schema/p"
	xsi:schemaLocation="http://www.springframework.org/schema/mvc http://www.springframework.org/schema/mvc/spring-mvc-4.3.xsd
		http://www.springframework.org/schema/beans http://www.springframework.org/schema/beans/spring-beans.xsd
		http://www.springframework.org/schema/context http://www.springframework.org/schema/context/spring-context-4.3.xsd">

	<!-- 1、配置自定控制器扫描路径 -->
	<context:component-scan base-package="com.lk.controller"></context:component-scan>
	<!-- 2、配置静态资源处理 -->
	<mvc:default-servlet-handler />
	<!-- 3、配置注解驱动 -->
	<mvc:annotation-driven></mvc:annotation-driven>
	<!-- 4、配置视图解析器 -->
	<bean
		class="org.springframework.web.servlet.view.InternalResourceViewResolver">
		<property name="prefix" value="/"></property>
		<property name="suffix" value=".jsp"></property>
	</bean>
	
	<bean id="multipartResolver"
		class="org.springframework.web.multipart.commons.CommonsMultipartResolver">          <!-- 设置上传文件的最大尺寸为10MB -->
		<property name="maxUploadSize">
			<value>10485760</value>
		</property>
	</bean>
	
</beans>
