<?xml version="1.0" encoding="UTF-8"?>
<beans xmlns="http://www.springframework.org/schema/beans"
	xmlns:xsi="http://www.w3.org/2001/XMLSchema-instance" xmlns:p="http://www.springframework.org/schema/p"
	xmlns:tx="http://www.springframework.org/schema/tx" xmlns:context="http://www.springframework.org/schema/context"
	xmlns:aop="http://www.springframework.org/schema/aop"
	xsi:schemaLocation="http://www.springframework.org/schema/beans http://www.springframework.org/schema/beans/spring-beans-4.3.xsd
		http://www.springframework.org/schema/context http://www.springframework.org/schema/context/spring-context-4.3.xsd
		http://www.springframework.org/schema/aop http://www.springframework.org/schema/aop/spring-aop-4.3.xsd
		http://www.springframework.org/schema/tx http://www.springframework.org/schema/tx/spring-tx-4.3.xsd">

	<!-- 1、配置加载数据源参数文件； 2、配置数据源 3、配置sessionFactoryBean 4、配置mybatis接口扫描器 5、配置事务管理器 
		6、配置事务扩散机制 -->

	<context:property-placeholder location="classpath:db.properties" />

	<bean id="dataSource" class="com.alibaba.druid.pool.DruidDataSource">
		<property name="driverClassName" value="${jdbc_driver}"></property>
		<property name="url" value="${jdbc_url}"></property>
		<property name="username" value="${jdbc_username}"></property>
		<property name="password" value="${jdbc_password}"></property>
	</bean>

	<bean id="sessionFactory" class="org.mybatis.spring.SqlSessionFactoryBean">
		<property name="dataSource" ref="dataSource"></property>
		<!-- <property name="configLocation" value="classpath:sqlMapConfig.xml"></property> -->
		<property name="mapperLocations" value="classpath:com/lk/mapper/*.xml"></property>
		<property name="typeAliasesPackage" value="com.lk.pojo"></property>
	</bean>

	<bean class="org.mybatis.spring.mapper.MapperScannerConfigurer">
		<property name="basePackage" value="com.lk.mapper"></property>
		<property name="sqlSessionFactoryBeanName" value="sessionFactory"></property>
	</bean>

	<bean id="transactionManager"
		class="org.springframework.jdbc.datasource.DataSourceTransactionManager">
		<property name="dataSource" ref="dataSource"></property>
	</bean>

	<tx:annotation-driven transaction-manager="transactionManager" />
	
	
</beans>
