<?xml version="1.0" encoding="UTF-8"?>
<beans xmlns="http://www.springframework.org/schema/beans"
	xmlns:xsi="http://www.w3.org/2001/XMLSchema-instance"
	xmlns:context="http://www.springframework.org/schema/context"
	xsi:schemaLocation="http://www.springframework.org/schema/beans http://www.springframework.org/schema/beans/spring-beans-4.3.xsd
		http://www.springframework.org/schema/context http://www.springframework.org/schema/context/spring-context-4.3.xsd">
		
	<context:component-scan base-package="com.lk.service"></context:component-scan>

<!-- 全局异常处理  -->
 <!-- <bean id="exceptionResolver" class="org.springframework.web.servlet.handler.SimpleMappingExceptionResolver">
        <property name="exceptionMappings">
            <props>
                <prop key="java.lang.Exception">errors/500</prop>
                <prop key="java.lang.Throwable">errors/500</prop>
            </props>
        </property>
        <property name="statusCodes">
            <props>
                <prop key="errors/500">500</prop>
            </props>
        </property>
        设置日志输出级别，不定义则默认不输出警告等错误日志信息
        <property name="warnLogCategory" value="WARN"></property>
        默认错误页面，当找不到上面mappings中指定的异常对应视图时，使用本默认配置
        <property name="defaultErrorView" value="unauthorized"></property>
        默认HTTP状态码
        <property name="defaultStatusCode" value="500"></property>
    </bean>
 -->
</beans>
